{
  "inputs": {
    "n_sims": 20000,
    "lambda_frequency": 12.0,
    "severity_lognormal_mu": 9.0,
    "severity_lognormal_sigma": 1.0,
    "seed": 42
  },
  "summary": {
    "n": 20000,
    "mean": 160998.6333037426,
    "std": 78559.47346317054,
    "min": 0.0,
    "p50": 148283.1593866084,
    "p90": 258990.634556785,
    "p95": 303776.4619459507,
    "p99": 402775.140456988,
    "max": 1510886.8097532068
  },
  "risk_metrics": {
    "VaR_95": 303776.4619459507,
    "TVaR_95": 371289.1216286142,
    "VaR_99": 402775.140456988,
    "TVaR_99": 492800.5563931252
  }
}